{
  "source" : "USD",
  "timestamp" : 1607936285,
  "privacy" : "https:\/\/currencylayer.com\/privacy",
  "quotes" : {
    "USDLAK" : 9272.6080989999991,
    "USDUZS" : 10437.045251,
    "USDKWD" : 0.30571999999999999,
    "USDISK" : 127.47011000000001,
    "USDXAU" : 0.00054699999999999996,
    "USDEGP" : 15.745903,
    "USDSGD" : 1.33385,
    "USDHRK" : 6.201498,
    "USDHUF" : 290.99397599999998,
    "USDBRL" : 5.0661009999999997,
    "USDMXN" : 20.031402,
    "USDSTD" : 20834.863348999999,
    "USDILS" : 3.2499099999999999,
    "USDRSD" : 96.840134000000006,
    "USDSZL" : 15.124165,
    "USDXOF" : 540.81704999999999,
    "USDSVC" : 8.7451919999999994,
    "USDLVL" : 0.60489000000000004,
    "USDINR" : 73.568398999999999,
    "USDPGK" : 3.5167630000000001,
    "USDKHR" : 4074.0526989999998,
    "USDCNY" : 6.5419479999999997,
    "USDUGX" : 3672.865335,
    "USDUSD" : 1,
    "USDKRW" : 1090.645037,
    "USDNPR" : 118.00643100000001,
    "USDSYP" : 512.78366300000005,
    "USDCZK" : 21.684985999999999,
    "USDIMP" : 0.74634900000000004,
    "USDAUD" : 1.32237,
    "USDMAD" : 8.9825579999999992,
    "USDKMF" : 406.54956499999997,
    "USDFJD" : 2.0395979999999998,
    "USDBND" : 1.3362959999999999,
    "USDCHF" : 0.887297,
    "USDVEF" : 9.9875030000000002,
    "USDCOP" : 3438.0999999999999,
    "USDZAR" : 15.03332,
    "USDKYD" : 0.83288300000000004,
    "USDAMD" : 520.61979299999996,
    "USDTWD" : 28.141501999999999,
    "USDLSL" : 15.140055,
    "USDMZN" : 74.514960000000002,
    "USDDKK" : 6.1279880000000002,
    "USDLRD" : 161.09526399999999,
    "USDRON" : 4.0108959999999998,
    "USDBSD" : 0.99942299999999995,
    "USDAED" : 3.6729599999999998,
    "USDNIO" : 34.829602999999999,
    "USDDZD" : 131.528809,
    "USDMKD" : 50.722788000000001,
    "USDMYR" : 4.0529970000000004,
    "USDYER" : 249.84965399999999,
    "USDNOK" : 8.7270409999999998,
    "USDLKR" : 186.542281,
    "USDTOP" : 2.2825950000000002,
    "USDGNF" : 9947.1928960000005,
    "USDMGA" : 3950.9192840000001,
    "USDXDR" : 0.69717200000000001,
    "USDANG" : 1.793965,
    "USDXCD" : 2.7025510000000001,
    "USDBYR" : 19600,
    "USDMDL" : 17.215022000000001,
    "USDCLP" : 734.29854999999998,
    "USDTTD" : 6.7784930000000001,
    "USDGMD" : 51.779926000000003,
    "USDPEN" : 3.592479,
    "USDVND" : 23127,
    "USDZMK" : 9001.2046320000009,
    "USDERN" : 15.000017,
    "USDKES" : 111.550494,
    "USDLBP" : 1511.336466,
    "USDSLL" : 10104.999610000001,
    "USDXAF" : 540.81704999999999,
    "USDBIF" : 1937.5383890000001,
    "USDZMW" : 21.062742,
    "USDJMD" : 143.26160400000001,
    "USDMVR" : 15.400217,
    "USDBOB" : 6.8610230000000003,
    "USDSOS" : 584.99975400000005,
    "USDMRO" : 357.000091,
    "USDBHD" : 0.37709799999999999,
    "USDHKD" : 7.751735,
    "USDNAD" : 15.139789,
    "USDPYG" : 7028.7740130000002,
    "USDCAD" : 1.2751349999999999,
    "USDKZT" : 418.997522,
    "USDIRR" : 42105.000242000002,
    "USDWST" : 2.5481340000000001,
    "USDHTG" : 69.346733999999998,
    "USDIQD" : 1193.120592,
    "USDDOP" : 58.106192,
    "USDJEP" : 0.74634900000000004,
    "USDLYD" : 1.3464419999999999,
    "USDBGN" : 1.6123909999999999,
    "USDBMD" : 1,
    "USDPHP" : 48.055498999999998,
    "USDBTN" : 73.754446999999999,
    "USDBZD" : 2.0145110000000002,
    "USDAFN" : 76.914514999999994,
    "USDTZS" : 2318.9999539999999,
    "USDXAG" : 0.042049000000000003,
    "USDETB" : 38.40869,
    "USDGBP" : 0.74652499999999999,
    "USDOMR" : 0.38453199999999998,
    "USDTHB" : 30.089502,
    "USDCVE" : 90.910589999999999,
    "USDSHP" : 0.74634900000000004,
    "USDCLF" : 0.026612,
    "USDSDG" : 55.298050000000003,
    "USDBYN" : 2.5359060000000002,
    "USDKGS" : 84.799903999999998,
    "USDTND" : 2.7120310000000001,
    "USDSAR" : 3.7510349999999999,
    "USDJOD" : 0.70897500000000002,
    "USDXPF" : 98.875033000000002,
    "USDCUC" : 1,
    "USDPLN" : 3.6525500000000002,
    "USDUYU" : 42.559277999999999,
    "USDTRY" : 7.9232250000000004,
    "USDBAM" : 1.61253,
    "USDHNL" : 24.152031999999998,
    "USDUAH" : 27.942122000000001,
    "USDGGP" : 0.74634900000000004,
    "USDBTC" : 5.1982939e-05,
    "USDMMK" : 1347.7162169999999,
    "USDCDF" : 1969.9997410000001,
    "USDZWL" : 322.000247,
    "USDBDT" : 84.666109000000006,
    "USDTJS" : 11.320931,
    "USDPKR" : 160.03190699999999,
    "USDVUV" : 109.862016,
    "USDGYD" : 208.962853,
    "USDBWP" : 10.982604,
    "USDTMT" : 3.5099999999999998,
    "USDSRD" : 14.154019999999999,
    "USDDJF" : 177.92068599999999,
    "USDBBD" : 2.0178910000000001,
    "USDGEL" : 3.2950309999999998,
    "USDMOP" : 7.9790910000000004,
    "USDFKP" : 0.74634900000000004,
    "USDARS" : 82.141020999999995,
    "USDGHS" : 5.856649,
    "USDCRC" : 604.19655399999999,
    "USDLTL" : 2.9527399999999999,
    "USDMUR" : 39.597346000000002,
    "USDRWF" : 989.22417299999995,
    "USDJPY" : 103.86550200000001,
    "USDMNT" : 2854.138809,
    "USDAWG" : 1.8,
    "USDMWK" : 761.20784900000001,
    "USDKPW" : 900.05927299999996,
    "USDPAB" : 0.99942699999999995,
    "USDGTQ" : 7.8005100000000001,
    "USDNGN" : 380.75008500000001,
    "USDCUP" : 26.5,
    "USDNZD" : 1.4076599999999999,
    "USDSCR" : 21.207205999999999,
    "USDAZN" : 1.6939109999999999,
    "USDSBD" : 8.0509299999999993,
    "USDIDR" : 14148,
    "USDRUB" : 72.986998999999997,
    "USDAOA" : 659.49402099999998,
    "USDGIP" : 0.74634900000000004,
    "USDALL" : 102.044686,
    "USDSEK" : 8.4309100000000008,
    "USDEUR" : 0.82341500000000001,
    "USDQAR" : 3.641499
  },
  "success" : true,
  "terms" : "https:\/\/currencylayer.com\/terms"
}
